[{"url":"https://hudl.ink/files/X1lETNZWZb.mp4"},{"url":"https://hudl.ink/screens/msedge_gaYTdHa9ol.png"},{"url":"https://hudl.ink/screens/nnHyaMVwPl.png"},{"url":"https://hudl.ink/screens/Code_D7VaEYxXXJ.png"},{"url":"https://hudl.ink/screens/msedge_NC3Q9QaGdP.png"},{"url":"https://hudl.ink/files/msedge_AgwXgYadHQ.mp4"},{"url":"https://hudl.ink/screens/msedge_71cX0Nad4j.png"},{"url":"https://hudl.ink/screens/P4cqOnLdUp.jpg"},{"url":"https://hudl.ink/files/tiPOtyfZSw.mp4"},{"url":"https://hudl.ink/screens/msedge_fcnP3rmXMK.png"},{"url":"https://getsharex.com"}]