[{"url":"https://hudl.ink/screens/h7kEbYWEpe.png"},{"url":"https://hudl.ink/screens/1fXxVrOeqy.png"},{"url":"https://hudl.ink/screens/1fXxVrOeqy.png"},{"url":"https://hudl.ink/screens/SGkSM8n0AA.jpg"},{"url":"https://hudl.ink/screens/SGkSM8n0AA.jpg"},{"url":"https://hudl.ink/screens/jU4MO49i1W.jpg"},{"url":"https://hudl.ink/screens/jU4MO49i1W.jpg"},{"url":"https://hudl.ink/screens/5YQw4gMYUM.png"},{"url":"https://hudl.ink/screens/5YQw4gMYUM.png"},{"url":"https://hudl.ink/screens/APMtdZ5jim.png"},{"url":"https://hudl.ink/screens/APMtdZ5jim.png"}]