[{"url":"https://hudl.ink/screens/ShareX_YX9KAt6ZFg.png"},{"url":"https://hudl.ink/screens/Code_PzbmkF5GqY.png"},{"url":"https://hudl.ink/screens/Code_wkaCH0BFG7.png"},{"url":"https://hudl.ink/screens/yGTMtuFkb4.jpg"},{"url":"https://hudl.ink/screens/yGTMtuFkb4.jpg"},{"url":"https://hudl.ink/screens/msedge_CXZ9qXq8gp.png"},{"url":"https://hudl.ink/screens/msedge_CXZ9qXq8gp.png"},{"url":"https://hudl.ink/screens/msedge_HYmsxhLKyh.png"},{"url":"https://hudl.ink/screens/msedge_HYmsxhLKyh.png"},{"url":"https://hudl.ink/screens/msedge_CX0ft7jg2m.png"},{"url":"https://hudl.ink/screens/msedge_CX0ft7jg2m.png"}]