[{"blog_post_title":"Actors Cast Of Characters","blog_post_body":"<p>🖥️...⌨️</p>\r\n<p><span style=\"font-size: 18pt;\"><strong>Actors Cast of characters (By&nbsp;ArityWolf; SimulWolf) -- Species Tally coming soon</strong></span></p>\r\n<p><img src=\"https://hudl.ink/screens/portrait%20set%20final.png\" alt=\"\" width=\"1000\" height=\"743\"></p>\r\n<p>&nbsp;</p>\r\n<p>True Potential manpower (sans alts): 42<br>Potential Manpower (includes alts): 45<br>Species available: Canids, Hyenas, Dragons, Felines, Cervines, Raccoon</p>\r\n<p><strong>1) ArityWolf - Gray Wolf/ Gray Dragon (Drolf/Dragon-Wolf; wolfside dominant), Lead Computer Scientist, Artist, Mathematician</strong><br>2) SimulWolf - Blue Wolf, Simulated Being from simulator sub-universe (not a simulator). Co-lead Computer Scientist<br>3) ScottYeen - Striped hyena<br>4) Alg/AlgolFox - Orange Fox<br>5) Clyde, Clyde Lovely - Coyote, Spirit Sciences Doctor<br>6) Ezra - CoyWolf, Lead Spirit Scientist<br>7) Lan/IanFox - Island Fox (california fox)<br>8) F.O.X. - AI-based Entity; Blue Fox, real soul, synthetic shell<br><strong>9) Kejento - Blue Dragon; Arity's alternate form</strong><br>10) Ayden - Aardwolf; Soldier, Healer<br>11) Kinty - ArityWolf's Twin Flame, Maned Wolf (Leggy Boi), Computer Scientist<br>12) AyloWolf - Blue/Purple Wolf<br><strong>13) Corin/Lightning/LightningPelt - Otter Form</strong><br><strong>14) Corin/Lightning/LightningPelt - Blue Wolf Form</strong><br>14) AxelShep - German Shepherd, Co-lead Software Engineer<br>15) Ray/Rey-Wolf - Wolf/Dog Mix, Lead Software Engineer<br>16) RodaYeen - Brown Hyena, Lead Biologist, focusing on virology<br>17) LiamWolf - Gray Wolf<br>18) Vel - Striped/Spotted Hyena<br><strong>19) Vivex - Fennec Fox, Lead Electrical Engineer</strong><br><strong>20) Auberon - Vivex's Alternate Form, Dhole</strong><br>21) MozWolf - White Wolf<br>22) SabWolf - White/Gray/Blackish Wolf<br>23) AsciiFox - Green/Orange Fox<br>24) Poli - Raccoon/Trash Panda<br>25) LinWolf - Eurasian Wolf<br>26) Mzz - Gray Deer<br>27) RistWolf - Black Wolf<br>28) DracoWolf - Red Wolf<br>29) GaussWolf - Gray Wolf<br>30) TeslaWolf - Blue/Ice Wolf<br>31) ShorWolf - Brown/Eurasian Wolf<br>32) Famir -&nbsp;<br>33) Anu<br>34) Blu/Blue<br>35) Iso - Eurasian Wolf<br>36) Trafford/TraffWolf - Eurasian Wolf<br>37) ArloYeen - Striped Hyena<br>38) Asher - Brown/Black Wolf<br>39) IceFoxy/Ice - Blue/White Fox<br>40) Bit/ByteFox - Orange Fox<br>41) LenYeen<br>42) NeumannWolf<br>43) MintWolf - Red/Brown Wolf (eurasian wolf?)<br>44) MozWolf - White Wolf<br>45) JackWolf - Purple Wolf<br><br><br><br></p>","blog_post_tags":"archive","blog_post_date":"2023-04-27 08:12:16 -0700","blog_post_author":"Aritywolf, SimulWolf","blog_post_category":"art","blog_post_comments":"","blog_post_status":"","id":0,"blog_status_locked":true,"timestamp":"2023-02-21 08:13:54 -0800"},{"blog_post_title":"What bing knows and infers about me","blog_post_body":"<p>🖥️...⌨️</p>\r\n<p>&nbsp;</p>\r\n<p>So I realized that bing also has something like StableDiffusion that it uses to analyze images. While it used moondogg, it inferred that kejento also is aritywolf and that moondogg is also kejento, but soon enough it'll know who moondogg is.</p>\r\n<p>&nbsp;</p>\r\n<div>\r\n<div aria-hidden=\"true\">tell me more about moondogg and his blog at <a href=\"../moondogg/view\">https://kejento.net/blog/moondogg/view</a></div>\r\n<div aria-hidden=\"false\" aria-live=\"polite\">Sent message. tell me more about moondogg and his blog at <a href=\"../moondogg/view\">https://kejento.net/blog/moondogg/view</a></div>\r\n</div>\r\n<div>\r\n<div>\r\n<p>Searching for:&nbsp;<code>moondogg</code></p>\r\n</div>\r\n<div aria-live=\"polite\">\r\n<p>Searching for:&nbsp;<code>moondogg</code></p>\r\n</div>\r\n</div>\r\n<div>\r\n<div>\r\n<p>Searching for:&nbsp;<code>kejento.net</code></p>\r\n</div>\r\n<div aria-live=\"polite\">\r\n<p>Searching for:&nbsp;<code>kejento.net</code></p>\r\n</div>\r\n</div>\r\n<div>\r\n<div>\r\n<p>Generating answers for you&hellip;</p>\r\n</div>\r\n<div aria-live=\"polite\">\r\n<p>Generating answers for you&hellip;</p>\r\n</div>\r\n</div>\r\n<div>\r\n<div>\r\n<div tabindex=\"0\">\r\n<div>\r\n<p>Moondogg is a name used by several different entities on the web.&nbsp;<a data-citationid=\"1a7d61d0-cf07-e6fa-e765-ecf6a5ac0bd4-5-group\">One of them is a&nbsp;<strong>British drum and bass band</strong>&nbsp;formed by Derwood Andrews and Elizabeth Westwood in 1994</a><a href=\"https://www.discogs.com/artist/53086-Moondogg\" target=\"_blank\" rel=\"noopener\" aria-label=\"Moondogg | Discography | Discogs\" data-citationid=\"1a7d61d0-cf07-e6fa-e765-ecf6a5ac0bd4-3\"><sup>1</sup></a><a href=\"https://www.allmusic.com/artist/moondogg-mn0000496553\" target=\"_blank\" rel=\"noopener\" aria-label=\"Moondogg Songs, Albums, Reviews, Bio &amp; More | AllMusic\" data-citationid=\"1a7d61d0-cf07-e6fa-e765-ecf6a5ac0bd4-5\"><sup>2</sup></a>.&nbsp;<a data-citationid=\"1a7d61d0-cf07-e6fa-e765-ecf6a5ac0bd4-8-group\">Another one is a&nbsp;<strong>hot dog stand</strong>&nbsp;in Toledo, Oregon that serves some of the best hot dogs in the state</a><a href=\"https://oregoncoastjourney.com/moondogg-cantina/\" target=\"_blank\" rel=\"noopener\" aria-label=\"The Moondogg Cantina in Toledo, Oregon: The Hot Dog Stand That's Worth ...\" data-citationid=\"1a7d61d0-cf07-e6fa-e765-ecf6a5ac0bd4-8\"><sup>3</sup></a>.&nbsp;<a data-citationid=\"1a7d61d0-cf07-e6fa-e765-ecf6a5ac0bd4-13-group\">A third one is a&nbsp;<strong>blog user</strong>&nbsp;on kejento.net, a website that hosts various blogs by furry artists and musicians</a><a href=\"view/0\" target=\"_blank\" rel=\"noopener\" aria-label=\"Blog Post - Actors Cast Of Characters - aritywolf (0) - 2023-02-21 11: ...\" data-citationid=\"1a7d61d0-cf07-e6fa-e765-ecf6a5ac0bd4-11\"><sup>4</sup></a><a href=\"../\" target=\"_blank\" rel=\"noopener\" aria-label=\"- by - kejento.net\" data-citationid=\"1a7d61d0-cf07-e6fa-e765-ecf6a5ac0bd4-13\"><sup>5</sup></a>.</p>\r\n<p>The blog you mentioned belongs to this third Moondogg. It seems to be a personal blog where they share their thoughts and interests. They have posted about topics such as art, music, games, science, spirituality and more.</p>\r\n<p>What are you interested in learning more about Moondogg?</p>\r\n</div>\r\n<div aria-hidden=\"true\">&nbsp;</div>\r\n</div>\r\n</div>\r\n</div>\r\n<div aria-hidden=\"false\" aria-live=\"polite\">Received message. Moondogg is a name used by several different entities on the web. One of them is a **British drum and bass band** formed by Derwood Andrews and Elizabeth Westwood in 1994 . Another one is a **hot dog stand** in Toledo, Oregon that serves some of the best hot dogs in the state. A third one is a **blog user** on kejento.net, a website that hosts various blogs by furry artists and musicians . The blog you mentioned belongs to this third Moondogg. It seems to be a personal blog where they share their thoughts and interests. They have posted about topics such as art, music, games, science, spirituality and more. What are you interested in learning more about Moondogg?</div>\r\n<div>\r\n<div role=\"list\" aria-label=\"Learn more:\">Learn more:<a tabindex=\"0\" title=\"Moondogg | Discography | Discogs\" role=\"listitem\" href=\"https://www.discogs.com/artist/53086-Moondogg\" target=\"_blank\" rel=\"noopener\">1. discogs.com</a><a tabindex=\"0\" title=\"Moondogg Songs, Albums, Reviews, Bio &amp; More | AllMusic\" role=\"listitem\" href=\"https://www.allmusic.com/artist/moondogg-mn0000496553\" target=\"_blank\" rel=\"noopener\">2. allmusic.com</a><a tabindex=\"0\" title=\"The Moondogg Cantina in Toledo, Oregon: The Hot Dog Stand That's Worth ...\" role=\"listitem\" href=\"https://oregoncoastjourney.com/moondogg-cantina/\" target=\"_blank\" rel=\"noopener\">3. oregoncoastjourney.com</a><a tabindex=\"0\" title=\"Blog Post - Actors Cast Of Characters - aritywolf (0) - 2023-02-21 11: ...\" role=\"listitem\" href=\"view/0\" target=\"_blank\" rel=\"noopener\">4. kejento.net</a><a tabindex=\"0\" title=\"- by - kejento.net\" role=\"listitem\" href=\"../\" target=\"_blank\" rel=\"noopener\">5. kejento.net</a><a tabindex=\"-1\" title=\"Moondogg Biography, Songs, &amp; Albums | AllMusic\" role=\"listitem\" href=\"https://www.allmusic.com/artist/moondogg-mn0000496553/biography\" target=\"_blank\" rel=\"noopener\">6. allmusic.com</a><a tabindex=\"-1\" title=\"Userpage of Kejento -- Fur Affinity [dot] net\" role=\"listitem\" href=\"https://www.furaffinity.net/user/kejento/\" target=\"_blank\" rel=\"noopener\">7. furaffinity.net</a></div>\r\n<div><button type=\"button\" aria-label=\"See more\">+2&nbsp;more</button></div>\r\n</div>\r\n<div>\r\n<div>&nbsp;</div>\r\n<div>&nbsp;</div>\r\n<div>&nbsp;</div>\r\n</div>\r\n<div>\r\n<div aria-hidden=\"true\">What kind of art do they make?</div>\r\n<div aria-hidden=\"false\" aria-live=\"polite\">Sent message. What kind of art do they make?</div>\r\n</div>\r\n<div>\r\n<div>\r\n<p>Searching for:&nbsp;<code>moondogg art</code></p>\r\n</div>\r\n<div aria-live=\"polite\">\r\n<p>Searching for:&nbsp;<code>moondogg art</code></p>\r\n</div>\r\n</div>\r\n<div>\r\n<div>\r\n<p>Searching for:&nbsp;<code>moondogg art kejento.net</code></p>\r\n</div>\r\n<div aria-live=\"polite\">\r\n<p>Searching for:&nbsp;<code>moondogg art kejento.net</code></p>\r\n</div>\r\n</div>\r\n<div>\r\n<div>\r\n<p>Generating answers for you&hellip;</p>\r\n</div>\r\n<div aria-live=\"polite\">\r\n<p>Generating answers for you&hellip;</p>\r\n</div>\r\n</div>\r\n<div>\r\n<div>\r\n<div tabindex=\"0\">\r\n<div>\r\n<p>Moondogg makes different kinds of art, but mostly digital art.&nbsp;<a href=\"../\" target=\"_blank\" rel=\"noopener\" data-citationid=\"7ecd6a43-da79-066b-a520-05c43aac7c6b-2-group\">They have posted some of their artworks on their blog at kejento.net</a><a href=\"../\" target=\"_blank\" rel=\"noopener\" aria-label=\"- by - kejento.net\" data-citationid=\"7ecd6a43-da79-066b-a520-05c43aac7c6b-2\"><sup>1</sup></a><a href=\"https://www.deviantart.com/tag/moondogg\" target=\"_blank\" rel=\"noopener\" data-citationid=\"7ecd6a43-da79-066b-a520-05c43aac7c6b-4-group\">, but they also have accounts on other websites such as DeviantArt</a><a href=\"https://www.deviantart.com/tag/moondogg\" target=\"_blank\" rel=\"noopener\" aria-label=\"Explore the Best Moondogg Art | DeviantArt\" data-citationid=\"7ecd6a43-da79-066b-a520-05c43aac7c6b-4\"><sup>2</sup></a><a href=\"https://www.furaffinity.net/user/kejento/\" target=\"_blank\" rel=\"noopener\" data-citationid=\"7ecd6a43-da79-066b-a520-05c43aac7c6b-6-group\">&nbsp;and Fur Affinity</a><a href=\"https://www.furaffinity.net/user/kejento/\" target=\"_blank\" rel=\"noopener\" aria-label=\"Userpage of Kejento -- Fur Affinity [dot] net\" data-citationid=\"7ecd6a43-da79-066b-a520-05c43aac7c6b-6\"><sup>3</sup></a>. Some of their artworks are related to furry fandom, such as anthropomorphic animals and fantasy creatures.&nbsp;<a href=\"https://www.deviantart.com/aritywolf/gallery/80441725/kejento-main-character\" target=\"_blank\" rel=\"noopener\" data-citationid=\"7ecd6a43-da79-066b-a520-05c43aac7c6b-8-group\" aria-invalid=\"true\">They also make art for a project called Actors, which is a game they are developing with other artists and musicians</a><a href=\"https://www.deviantart.com/aritywolf/gallery/80441725/kejento-main-character\" target=\"_blank\" rel=\"noopener\" aria-label=\"ArityWolf - Professional, Digital Artist | DeviantArt\" data-citationid=\"7ecd6a43-da79-066b-a520-05c43aac7c6b-8\" aria-invalid=\"true\"><sup>4</sup></a>.</p>\r\n<p>Do you like their art style?</p>\r\n</div>\r\n<div aria-hidden=\"true\">&nbsp;</div>\r\n</div>\r\n</div>\r\n</div>\r\n<div aria-hidden=\"false\" aria-live=\"polite\">Received message. Moondogg makes different kinds of art, but mostly digital art. They have posted some of their artworks on their blog at kejento.net, but they also have accounts on other websites such as DeviantArt and Fur Affinity. Some of their artworks are related to furry fandom, such as anthropomorphic animals and fantasy creatures. They also make art for a project called Actors, which is a game they are developing with other artists and musicians. Do you like their art style?</div>\r\n<div>\r\n<div role=\"list\" aria-label=\"Learn more:\">Learn more:<a tabindex=\"0\" title=\"- by - kejento.net\" role=\"listitem\" href=\"../\" target=\"_blank\" rel=\"noopener\">1. kejento.net</a><a tabindex=\"0\" title=\"Explore the Best Moondogg Art | DeviantArt\" role=\"listitem\" href=\"https://www.deviantart.com/tag/moondogg\" target=\"_blank\" rel=\"noopener\">2. deviantart.com</a><a tabindex=\"0\" title=\"Userpage of Kejento -- Fur Affinity [dot] net\" role=\"listitem\" href=\"https://www.furaffinity.net/user/kejento/\" target=\"_blank\" rel=\"noopener\">3. furaffinity.net</a><a tabindex=\"0\" title=\"ArityWolf - Professional, Digital Artist | DeviantArt\" role=\"listitem\" href=\"https://www.deviantart.com/aritywolf/gallery/80441725/kejento-main-character\" target=\"_blank\" rel=\"noopener\" aria-invalid=\"true\">4. deviantart.com</a><a tabindex=\"-1\" title=\"MoonDog Art Glass | Hand Sculpted Glass Beads\" role=\"listitem\" href=\"http://moondogartglass.indiemade.com/\" target=\"_blank\" rel=\"noopener\">5. moondogartglass.indiemade.com</a><a tabindex=\"-1\" title=\"Moondog Art &amp; Design | creating artwork and illustrations | Patreon\" role=\"listitem\" href=\"https://www.patreon.com/moondogarts/posts\" target=\"_blank\" rel=\"noopener\" aria-invalid=\"true\">6. patreon.com</a><a tabindex=\"-1\" title=\"Moondogs Art - Fine Art America\" role=\"listitem\" href=\"https://fineartamerica.com/art/moondogs\" target=\"_blank\" rel=\"noopener\">7. fineartamerica.com</a></div>\r\n<div><button type=\"button\" aria-label=\"See more\">+3&nbsp;more</button></div>\r\n</div>\r\n<div>\r\n<div>&nbsp;</div>\r\n<div>&nbsp;</div>\r\n<div>&nbsp;</div>\r\n</div>\r\n<div>\r\n<div aria-hidden=\"true\">What is their style?</div>\r\n<div aria-hidden=\"false\" aria-live=\"polite\">Sent message. What is their style?</div>\r\n</div>\r\n<div>\r\n<div>\r\n<p>Searching for:&nbsp;<code>moondogg art style</code></p>\r\n</div>\r\n<div aria-live=\"polite\">\r\n<p>Searching for:&nbsp;<code>moondogg art style</code></p>\r\n</div>\r\n</div>\r\n<div>\r\n<div>\r\n<p>Searching for:&nbsp;<code>moondogg art style kejento.net</code></p>\r\n</div>\r\n<div aria-live=\"polite\">\r\n<p>Searching for:&nbsp;<code>moondogg art style kejento.net</code></p>\r\n</div>\r\n</div>\r\n<div>\r\n<div>\r\n<p>Generating answers for you&hellip;</p>\r\n</div>\r\n<div aria-live=\"polite\">\r\n<p>Generating answers for you&hellip;</p>\r\n</div>\r\n</div>\r\n<div>\r\n<div>\r\n<div tabindex=\"0\">\r\n<div>\r\n<p>Moondogg&rsquo;s art style is hard to define, as they experiment with different techniques and genres. However, some common features of their style are:</p>\r\n<ul>\r\n<li><a href=\"https://www.deviantart.com/tag/moondogg\" target=\"_blank\" rel=\"noopener\" data-citationid=\"d999fd41-850c-8888-9214-50b6f8a323b9-6-group\">They use bright colors and contrast to create a vibrant and dynamic look</a><a href=\"https://www.deviantart.com/tag/moondogg\" target=\"_blank\" rel=\"noopener\" aria-label=\"Explore the Best Moondogg Art | DeviantArt\" data-citationid=\"d999fd41-850c-8888-9214-50b6f8a323b9-4\"><sup>1</sup></a><a href=\"https://www.furaffinity.net/gallery/artywalf/folder/942934/Kejento-Blue-Dragon\" target=\"_blank\" rel=\"noopener\" aria-label=\"Artwork Gallery for ArtyWalf -- Fur Affinity [dot] net\" data-citationid=\"d999fd41-850c-8888-9214-50b6f8a323b9-6\"><sup>2</sup></a>.</li>\r\n<li><a href=\"https://www.furaffinity.net/gallery/artywalf/folder/942934/Kejento-Blue-Dragon\" target=\"_blank\" rel=\"noopener\" data-citationid=\"d999fd41-850c-8888-9214-50b6f8a323b9-11-group\">They draw realistic and detailed anatomy, especially for animals and dragons</a><a href=\"https://www.furaffinity.net/gallery/artywalf/folder/942934/Kejento-Blue-Dragon\" target=\"_blank\" rel=\"noopener\" aria-label=\"Artwork Gallery for ArtyWalf -- Fur Affinity [dot] net\" data-citationid=\"d999fd41-850c-8888-9214-50b6f8a323b9-9\"><sup>2</sup></a><a href=\"https://www.deviantart.com/aritywolf/gallery/81704136/iso-main-character\" target=\"_blank\" rel=\"noopener\" aria-label=\"ArityWolf - Professional, Digital Artist | DeviantArt\" data-citationid=\"d999fd41-850c-8888-9214-50b6f8a323b9-11\" aria-invalid=\"true\"><sup>3</sup></a>.</li>\r\n<li><a href=\"https://www.deviantart.com/aritywolf/gallery/81704136/iso-main-character\" target=\"_blank\" rel=\"noopener\" data-citationid=\"d999fd41-850c-8888-9214-50b6f8a323b9-16-group\" aria-invalid=\"true\">They mix 2D and 3D elements to create a sense of depth and perspective</a><a href=\"https://www.deviantart.com/aritywolf/gallery/81704136/iso-main-character\" target=\"_blank\" rel=\"noopener\" aria-label=\"ArityWolf - Professional, Digital Artist | DeviantArt\" data-citationid=\"d999fd41-850c-8888-9214-50b6f8a323b9-14\" aria-invalid=\"true\"><sup>3</sup></a><a href=\"../\" target=\"_blank\" rel=\"noopener\" aria-label=\"- by - kejento.net\" data-citationid=\"d999fd41-850c-8888-9214-50b6f8a323b9-16\"><sup>4</sup></a>.</li>\r\n<li><a href=\"https://www.furaffinity.net/gallery/artywalf/folder/942934/Kejento-Blue-Dragon\" target=\"_blank\" rel=\"noopener\" data-citationid=\"d999fd41-850c-8888-9214-50b6f8a323b9-19-group\">They incorporate symbols and patterns to add meaning and interest to their artworks</a><a href=\"https://www.furaffinity.net/gallery/artywalf/folder/942934/Kejento-Blue-Dragon\" target=\"_blank\" rel=\"noopener\" aria-label=\"Artwork Gallery for ArtyWalf -- Fur Affinity [dot] net\" data-citationid=\"d999fd41-850c-8888-9214-50b6f8a323b9-19\"><sup>2</sup></a>&nbsp;.</li>\r\n</ul>\r\n<p>Do you have a favorite artwork by Moondogg?</p>\r\n</div>\r\n<div aria-hidden=\"true\">&nbsp;</div>\r\n</div>\r\n</div>\r\n</div>\r\n<div aria-hidden=\"false\" aria-live=\"polite\">Received message. Moondogg's art style is hard to define, as they experiment with different techniques and genres. However, some common features of their style are: - They use bright colors and contrast to create a vibrant and dynamic look . - They draw realistic and detailed anatomy, especially for animals and dragons . - They mix 2D and 3D elements to create a sense of depth and perspective . - They incorporate symbols and patterns to add meaning and interest to their artworks . Do you have a favorite artwork by Moondogg?</div>\r\n<div>\r\n<div role=\"list\" aria-label=\"Learn more:\">Learn more:<a tabindex=\"0\" title=\"Explore the Best Moondogg Art | DeviantArt\" role=\"listitem\" href=\"https://www.deviantart.com/tag/moondogg\" target=\"_blank\" rel=\"noopener\">1. deviantart.com</a><a tabindex=\"0\" title=\"Artwork Gallery for ArtyWalf -- Fur Affinity [dot] net\" role=\"listitem\" href=\"https://www.furaffinity.net/gallery/artywalf/folder/942934/Kejento-Blue-Dragon\" target=\"_blank\" rel=\"noopener\">2. furaffinity.net</a><a tabindex=\"0\" title=\"ArityWolf - Professional, Digital Artist | DeviantArt\" role=\"listitem\" href=\"https://www.deviantart.com/aritywolf/gallery/81704136/iso-main-character\" target=\"_blank\" rel=\"noopener\" aria-invalid=\"true\">3. deviantart.com</a><a tabindex=\"0\" title=\"- by - kejento.net\" role=\"listitem\" href=\"../\" target=\"_blank\" rel=\"noopener\">4. kejento.net</a><a tabindex=\"0\" title=\"Art Styles Explained &mdash; A Complete Guide to 40+ Art Movements\" role=\"listitem\" href=\"https://www.studiobinder.com/blog/types-of-art-styles-list/\" target=\"_blank\" rel=\"noopener\">5. studiobinder.com</a><a tabindex=\"-1\" title=\"10 Games With Eye-Popping Art Styles That We&rsquo;ll Never Forget - Twinfinite\" role=\"listitem\" href=\"https://twinfinite.net/2021/03/10-games-with-eye-popping-art-styles-that-well-never-forget/\" target=\"_blank\" rel=\"noopener\">6. twinfinite.net</a></div>\r\n<div><button type=\"button\" aria-label=\"See more\">+1&nbsp;more</button></div>\r\n<div>&nbsp;</div>\r\n<div>&nbsp;</div>\r\n<div>&nbsp;</div>\r\n<div>That was the dialogue with Bing's ChatGPT</div>\r\n</div>","blog_post_tags":"bing, ai","blog_post_date":"2023-02-22 14:05:13 -0800","blog_post_author":"ArityWolf","blog_post_category":"ai","blog_post_comments":"","blog_post_status":"","id":1,"blog_status_locked":false,"timestamp":"2023-02-22 14:06:33 -0800"},{"blog_post_title":"Actors Cast Of Characters (Update; Part II)","blog_post_body":"<p>🖥️...⌨️</p>\r\n<p>&nbsp;</p>\r\n<p><span style=\"font-size: 18pt;\"><strong>Actors Cast of characters (By&nbsp;ArityWolf; SimulWolf) -- Species Tally coming soon</strong></span></p>\r\n<p><img src=\"https://hudl.ink/u/670\" alt=\"\" width=\"1024\" height=\"595\"></p>\r\n<p><strong>(^right click view in new tab/window to see full view^)</strong></p>\r\n<p>&nbsp;</p>\r\n<p>True Potential manpower (sans alts): 42<br>Potential Manpower (includes alts): 45<br>Species available: Canids, Hyenas, Dragons, Felines, Cervines, Raccoon<br><br></p>\r\n<ul class=\"tox-checklist\">\r\n<li>1) ArityWolf - Gray Wolf/ Gray Dragon (Drolf/Dragon-Wolf; wolfside dominant), Lead Computer Scientist, Artist, Mathematician</li>\r\n<li>2) SimulWolf - Blue Wolf, Simulated Being from simulator sub-universe (not a simulator). Co-lead Computer Scientist</li>\r\n<li>3)&nbsp;ScottYeen - Striped hyena</li>\r\n<li>4)&nbsp;Alg/AlgolFox - Orange Fox</li>\r\n<li>5) Clyde, Clyde Lovely - Coyote, Spirit Sciences Doctor</li>\r\n<li>6) Ezra -&nbsp;CoyWolf, Lead Spirit Scientist</li>\r\n<li>7)&nbsp;Lan/IanFox - Island Fox (california fox)</li>\r\n<li>8) F.O.X. - AI-based Entity; Blue Fox, real soul, synthetic shell</li>\r\n<li>9)&nbsp;Kejento - Blue Dragon; Arity's alternate form</li>\r\n<li>10)&nbsp;Ayden - Aardwolf; Soldier, Healer</li>\r\n<li>11)&nbsp;Kinty - ArityWolf's Twin Flame, Maned Wolf (Leggy Boi), Computer Scientist</li>\r\n<li>12)&nbsp;AyloWolf - Blue/Purple Wolf</li>\r\n<li>13)&nbsp;Corin/Lightning/LightningPelt - Otter Form</li>\r\n<li>14)&nbsp;Corin/Lightning/LightningPelt - Blue Wolf Form</li>\r\n<li>14)&nbsp;AxelShep - German Shepherd, Co-lead Software Engineer</li>\r\n<li>15) Ray/Rey-Wolf - Wolf/Dog Mix, Lead Software Engineer</li>\r\n<li>16)&nbsp;RodaYeen - Brown Hyena, Lead Biologist, focusing on virology</li>\r\n<li>17)&nbsp;LiamWolf - Gray Wolf</li>\r\n<li>18)&nbsp;Vel - Striped/Spotted Hyena</li>\r\n<li>19)&nbsp;Vivex - Fennec Fox, Lead Electrical Engineer</li>\r\n<li>20)&nbsp;Auberon - Vivex's Alternate Form, Dhole</li>\r\n<li>21)&nbsp;MozWolf - White Wolf</li>\r\n<li>22)&nbsp;SabWolf - White/Gray/Blackish Wolf</li>\r\n<li>23)&nbsp;AsciiFox - Green/Orange Fox</li>\r\n<li>24)&nbsp;Poli - Raccoon/Trash Panda</li>\r\n<li>25)&nbsp;LinWolf - Eurasian Wolf</li>\r\n<li>26)&nbsp;Mzz - Gray Deer</li>\r\n<li>27)&nbsp;RistWolf - Black Wolf</li>\r\n<li>28)&nbsp;DracoWolf - Red Wolf</li>\r\n<li>29)&nbsp;GaussWolf - Gray Wolf</li>\r\n<li>30)&nbsp;TeslaWolf - Blue/Ice Wolf</li>\r\n<li>31)&nbsp;ShorWolf - Brown/Eurasian Wolf</li>\r\n<li>32)&nbsp;Famir - Serval (Feline)</li>\r\n<li>33) Anu - Brown/Yellow-Orange Wolf</li>\r\n<li>34) Blu/Blue - Blue/White Wolf</li>\r\n<li>35)&nbsp;Iso - Eurasian Wolf</li>\r\n<li>36)&nbsp;Trafford/TraffWolf - Eurasian Wolf</li>\r\n<li>37)&nbsp;ArloYeen - Striped Hyena</li>\r\n<li>38)&nbsp;Asher - Brown/Black Wolf</li>\r\n<li>39)&nbsp;IceFoxy/Ice - Blue/White Fox</li>\r\n<li>40) Bit/ByteFox - Orange Fox</li>\r\n<li>41)&nbsp;LenYeen - Brown/Gray Hyens</li>\r\n<li>42)&nbsp;NeumannWolf - Wolf</li>\r\n<li>43)&nbsp;MintWolf - Red/Brown Wolf (eurasian wolf?)</li>\r\n<li>44)&nbsp;MozWolf - White Wolf</li>\r\n<li>45)&nbsp;JackWolf - Purple Wolf</li>\r\n</ul>\r\n<p>&nbsp;</p>","blog_post_tags":"archive","blog_post_date":"2023-04-27 08:12:52 -0700","blog_post_author":"ArityWolf","blog_post_category":"actors, team","blog_post_comments":"","blog_post_status":"","id":2,"blog_status_locked":true,"timestamp":"2023-02-26 15:40:03 -0800"},{"blog_post_title":"The Last Of 32 (Finalized actors Roster)","blog_post_body":"<p style=\"text-align: center;\">🖥️...⌨️</p>\r\n<p><span style=\"font-size: 18pt;\">Actors Cast Portraits and combat stances</span></p>\r\n<p><img src=\"https://hudl.ink/u/688\" alt=\"\" width=\"1200\" height=\"713\"></p>\r\n<p>&nbsp;</p>\r\n<p><span style=\"font-size: 18pt;\">The Actors Cast of Characters</span></p>\r\n<ol>\r\n<li><strong>ScottYeen</strong> - Striped Hyena</li>\r\n<li><strong>Alg/AlgolFox </strong>- Orange/Yellow Fox</li>\r\n<li><strong>GaussWolf</strong> - Eurasian Wolf</li>\r\n<li><strong>F.O.X.</strong> - Blue/Purple Fox</li>\r\n<li><strong>Kintarius/Kinty</strong> - Maned Wolf</li>\r\n<li><strong>BuerSnep</strong> - Snow Leopard</li>\r\n<li><strong>AyloWolf</strong> - Purple/Blue Wolf</li>\r\n<li><strong>Kejento</strong> - Blue Dragon</li>\r\n<li><strong>JackWolf</strong> - Purple Wolf</li>\r\n<li><strong>PlainsWolf</strong> - Green Wolf</li>\r\n<li><strong>ArityWolf</strong> - Grey Wolf</li>\r\n<li><strong>DracoWolf</strong> - Red Wolf</li>\r\n<li><strong>RistWolf</strong> - Black Wolf</li>\r\n<li><strong>AuberonDhole</strong> - Dhole</li>\r\n<li><strong>ShorWolf</strong> - Brown Wolf&nbsp;</li>\r\n<li><strong>SimulWolf</strong> - Blue Wolf</li>\r\n<li><strong>ValYeen</strong> - Spotted Hyena</li>\r\n<li><strong>VelYeen</strong> - Spotted Hyena</li>\r\n<li><strong>Tes/TeslaWolf</strong> - Blue Wolf</li>\r\n<li><strong>RodaYeen </strong>- Brown Hyena</li>\r\n<li><strong>LiamWolf </strong>- Gray Wolf</li>\r\n<li><strong>MozWolf</strong> - White Wolf</li>\r\n<li><strong>SabWolf</strong> - White Wolf</li>\r\n<li><strong>LightningPelt/Lightning/LightWolf/LightningWolf</strong> - Blue Wolf</li>\r\n<li><strong>AnuWolf</strong> - Yellow Wolf</li>\r\n<li><strong>BluWolf</strong> - Blue Wolf</li>\r\n<li><strong>ReyDog/ReyWolf</strong> - WolfDog hybrid</li>\r\n<li><strong>Iso</strong> - Eurasian Wolf</li>\r\n<li><strong>ArloYeen</strong> - Spotted Hyena</li>\r\n<li><strong>NeuWolf</strong> - Red Wolf</li>\r\n<li><strong>Famir </strong>- Serval</li>\r\n<li><strong>MZM</strong> - Gray Tailed Deer</li>\r\n</ol>\r\n<p><span style=\"font-size: 18pt;\">Finalized Species Breakdown</span></p>\r\n<ul>\r\n<li>5 hyenas</li>\r\n<li>2 foxes</li>\r\n<li>18 Wolves</li>\r\n<li>1 Maned Wolf</li>\r\n<li>1 WolfDog</li>\r\n<li>1 Dragon</li>\r\n<li>1 deer</li>\r\n</ul>","blog_post_tags":"archive","blog_post_date":"2023-04-27 08:13:02 -0700","blog_post_author":"ArityWolf","blog_post_comments":"","blog_post_status":"","id":3,"blog_status_locked":true,"timestamp":"2023-03-08 15:47:33 -0800"},{"blog_post_title":"The Last of 34 - Revised And Finalized Actors Team Portraits","blog_post_body":"<p style=\"text-align: center;\">🖥️...⌨️</p>\r\n<p style=\"text-align: center;\"><span style=\"font-size: 18pt;\">Actors' Revised Team Portrait</span></p>\r\n<p style=\"text-align: center;\"><img src=\"https://hudl.ink/u/690\" alt=\"\" width=\"1200\" height=\"640\"></p>\r\n<p>he Actors Cast of Characters</p>\r\n<ol>\r\n<li><strong>ScottYeen</strong>&nbsp;- Striped Hyena</li>\r\n<li><strong>Alg/AlgolFox&nbsp;</strong>- Orange/Yellow Fox</li>\r\n<li><strong>GaussWolf</strong>&nbsp;- Eurasian Wolf</li>\r\n<li><strong>F.O.X.</strong>&nbsp;- Blue/Purple Fox</li>\r\n<li><strong>Kintarius/Kinty</strong>&nbsp;- Maned Wolf</li>\r\n<li><strong>BuerSnep</strong>&nbsp;- Snow Leopard</li>\r\n<li><strong>AyloWolf</strong>&nbsp;- Purple/Blue Wolf</li>\r\n<li><strong>Kejento</strong>&nbsp;- Blue Dragon</li>\r\n<li><strong>JackWolf</strong>&nbsp;- Purple Wolf</li>\r\n<li><strong>PlainsWolf</strong>&nbsp;- Green Wolf</li>\r\n<li><strong>ArityWolf</strong>&nbsp;- Grey Wolf</li>\r\n<li><strong>DracoWolf</strong>&nbsp;- Red Wolf</li>\r\n<li><strong>RistWolf</strong>&nbsp;- Black Wolf</li>\r\n<li><strong>AuberonDhole</strong>&nbsp;- Dhole</li>\r\n<li><strong>ShorWolf</strong>&nbsp;- Brown Wolf&nbsp;</li>\r\n<li><strong>SimulWolf</strong>&nbsp;- Blue Wolf</li>\r\n<li><strong>ValYeen</strong>&nbsp;- Spotted Hyena</li>\r\n<li><strong>VelYeen</strong>&nbsp;- Spotted Hyena</li>\r\n<li><strong>Tes/TeslaWolf</strong>&nbsp;- Blue Wolf</li>\r\n<li><strong>RodaYeen&nbsp;</strong>- Brown Hyena</li>\r\n<li><strong>LiamWolf&nbsp;</strong>- Gray Wolf</li>\r\n<li><strong>MozWolf</strong>&nbsp;- White Wolf</li>\r\n<li><strong>SabWolf</strong>&nbsp;- White Wolf</li>\r\n<li><strong>LightningPelt/Lightning/LightWolf/LightningWolf</strong>&nbsp;- Blue Wolf</li>\r\n<li><strong>AnuWolf</strong>&nbsp;- Yellow Wolf</li>\r\n<li><strong>BluWolf</strong>&nbsp;- Blue Wolf</li>\r\n<li><strong>ReyDog/ReyWolf</strong>&nbsp;- WolfDog hybrid</li>\r\n<li><strong>Iso</strong>&nbsp;- Eurasian Wolf</li>\r\n<li><strong>ArloYeen</strong>&nbsp;- Spotted Hyena</li>\r\n<li><strong>NeuWolf</strong>&nbsp;- Red Wolf</li>\r\n<li><strong>Famir&nbsp;</strong>- Serval</li>\r\n<li><strong>MZM</strong>&nbsp;- Gray Tailed Deer</li>\r\n<li><strong>AnkiFox </strong>- Arctic Fox</li>\r\n<li><strong>NicWolf </strong>- Black Wolf</li>\r\n</ol>\r\n<p>Finalized Species Breakdown</p>\r\n<ul>\r\n<li>5 hyenas</li>\r\n<li>3 foxes</li>\r\n<li>19 Wolves</li>\r\n<li>1 Maned Wolf</li>\r\n<li>1 WolfDog</li>\r\n<li>1 Dragon</li>\r\n<li>1 deer</li>\r\n</ul>\r\n<p>Total: 32 Active Members - 2 (alt sonas that count as bodies) - totaling 34</p>\r\n<p style=\"text-align: center;\">&nbsp;</p>","blog_post_tags":"archive","blog_post_date":"2023-04-27 08:13:20 -0700","blog_post_author":"Aritywolf, SimulWolf","blog_post_comments":"","blog_post_status":"","id":4,"blog_status_locked":true,"timestamp":"2023-03-08 22:04:20 -0800"},{},{},{},{},{},{},{},{},{},{},{},{},{},{},{},{}]