[{"url":"https://hudl.ink/api/screens/upload?auth=CALCULUS"},{"url":"https://hudl.ink/api/screens/upload?auth=CALCULUS"},{"url":"https://hudl.ink/u/13"},{"url":"https://hudl.ink/u/13"},{"url":"https://hudl.ink/api/screens/upload?auth=CALCULUS"},{"url":"https://hudl.ink/api/screens/upload?auth=CALCULUS"},{"url":"https://hudl.ink/u/17"},{"url":"https://hudl.ink/u/17"},{"url":"https://hudl.ink/screens/4xaSYV4Icp.jpg"},{"url":"https://hudl.ink/screens/4xaSYV4Icp.jpg"},{"url":"https://hudl.ink/u/21"}]