[{"url":"https://hudl.ink/screens/uRoikMRexT.png"},{"url":"https://hudl.ink/u/45"},{"url":"https://hudl.ink/u/45"},{"url":"https://hudl.ink/screens/Discord_WZzvVtj9g6.png"},{"url":"https://hudl.ink/screens/Discord_WZzvVtj9g6.png"},{"url":"https://hudl.ink/u/49"},{"url":"https://hudl.ink/u/49"},{"url":"https://hudl.ink/screens/CLIPStudioPaint_DSY7uoibRh.png"},{"url":"https://hudl.ink/screens/CLIPStudioPaint_DSY7uoibRh.png"},{"url":"https://hudl.ink/screens/CLIPStudioPaint_DSY7uoibRh.png"},{"url":"https://hudl.ink/screens/CLIPStudioPaint_DSY7uoibRh.png"}]