[{"url":"https://hudl.ink/screens/dedy7sg-f0f71cf8-4b41-410f-b50f-4dbe53ccf8e8.png"},{"url":"https://hudl.ink/screens/1682479007.faradayyeen_msedge_746fhwn1sg.png"},{"url":"https://hudl.ink/screens/1682479007.faradayyeen_msedge_746fhwn1sg.png"},{"url":"https://hudl.ink/screens/1682411061.faradayyeen_crotch_nuzzling__custom_.png"},{"url":"https://hudl.ink/screens/1682411061.faradayyeen_crotch_nuzzling__custom_.png"},{"url":"https://hudl.ink/screens/1682407215.faradayyeen_1620172195_artywalf_fa_arity_vel_tailbase_tail_play_finished_sized.png"},{"url":"https://hudl.ink/screens/1682407215.faradayyeen_1620172195_artywalf_fa_arity_vel_tailbase_tail_play_finished_sized.png"},{"url":"https://hudl.ink/screens/1682380764.faradayyeen_1627598472_artywalf_arity_spreading_on_couch_-_cock.png"},{"url":"https://hudl.ink/screens/1682380764.faradayyeen_1627598472_artywalf_arity_spreading_on_couch_-_cock.png"},{"url":"https://hudl.ink/screens/1682392238.faradayyeen_in_gazebo_by_archyeen_df41rbv__custom_.png"},{"url":"https://hudl.ink/screens/1682392238.faradayyeen_in_gazebo_by_archyeen_df41rbv__custom_.png"}]