[{"url":"https://hudl.ink/screens/ShareX_cnuXxrksTi.png"},{"url":"https://hudl.ink/screens/ShareX_cnuXxrksTi.png"},{"url":"https://hudl.ink/files/TRhsjPINv5.mp4"},{"url":"https://hudl.ink/files/TRhsjPINv5.mp4"},{"url":"https://hudl.ink/screens/wZ5zLf6rCs.jpg"},{"url":"https://hudl.ink/screens/wZ5zLf6rCs.jpg"},{"url":"https://hudl.ink/screens/gyJ7BPk3tu.jpg"},{"url":"https://hudl.ink/screens/gyJ7BPk3tu.jpg"},{"url":"https://hudl.ink/screens/Eprdg0w4Ts.jpg"},{"url":"https://hudl.ink/screens/Eprdg0w4Ts.jpg"},{"url":"https://hudl.ink/screens/sXyaCUTu9M.png"}]