[{"url":"https://hudl.ink/screens/Ht0QfLF48x.jpg"},{"url":"https://hudl.ink/screens/Ht0QfLF48x.jpg"},{"url":"https://hudl.ink/screens/BROy9biXGD.png"},{"url":"https://hudl.ink/screens/BROy9biXGD.png"},{"url":"https://hudl.ink/screens/leonardo.0.17.66.win64_YhBlokJUCZ.jpg"},{"url":"https://hudl.ink/screens/leonardo.0.17.66.win64_YhBlokJUCZ.jpg"},{"url":"https://hudl.ink/screens/babbFWWPTS.jpg"},{"url":"https://hudl.ink/screens/babbFWWPTS.jpg"},{"url":"https://hudl.ink/screens/ApplicationFrameHost_8yCzBasu0V.png"},{"url":"https://hudl.ink/screens/ApplicationFrameHost_8yCzBasu0V.png"},{"url":"https://hudl.ink/screens/ShareX_R1JkbwTDIP.png"}]