[{"url":"https://hudl.ink/screens/1682375419.faradayyeen_dfnqe9k-8b89143d-9d70-4eb7-9d62-6ed7a889fd35.png"},{"url":"https://hudl.ink/screens/1682375419.faradayyeen_dfnqe9k-8b89143d-9d70-4eb7-9d62-6ed7a889fd35.png"},{"url":"https://hudl.ink/files/IMG_20230413_183204.jpg"},{"url":"https://hudl.ink/files/IMG_20230413_183204.jpg"},{"url":"https://hudl.ink/screens/msedge_vzGcHPBSx3.png"},{"url":"https://hudl.ink/screens/msedge_vzGcHPBSx3.png"},{"url":"https://hudl.ink/screens/dfsz8x7-87d56a49-eef9-4750-b79c-5b2d7fb4d0f2.png"},{"url":"https://hudl.ink/screens/dfsz8x7-87d56a49-eef9-4750-b79c-5b2d7fb4d0f2.png"},{"url":"https://hudl.ink/screens/Code_a6gkeu6bwN.png"},{"url":"https://hudl.ink/screens/Code_a6gkeu6bwN.png"},{"url":"https://hudl.ink/files/Code_3ls3pfOBgd.mp4"}]