[{"url":"https://hudl.ink/screens/sXyaCUTu9M.png"},{"url":"https://hudl.ink/screens/Yzhq1SKfgt.jpg"},{"url":"https://hudl.ink/screens/Yzhq1SKfgt.jpg"},{"url":"https://hudl.ink/screens/msedge_tBsh09s2sS.png"},{"url":"https://hudl.ink/screens/msedge_tBsh09s2sS.png"},{"url":"https://hudl.ink/screens/38su5Sgwda.png"},{"url":"https://hudl.ink/screens/38su5Sgwda.png"},{"url":"https://hudl.ink/files/23hz4JR1n7.mp4"},{"url":"https://hudl.ink/files/23hz4JR1n7.mp4"},{"url":"https://hudl.ink/screens/FeKpX8GrZ7.jpg"},{"url":"https://hudl.ink/screens/FeKpX8GrZ7.jpg"}]