[{"url":"https://hudl.ink/screens/omSvzBIAjv.png"},{"url":"https://hudl.ink/screens/omSvzBIAjv.png"},{"url":"https://hudl.ink/screens/1KoOKiH9WI.png"},{"url":"https://hudl.ink/screens/1KoOKiH9WI.png"},{"url":"https://hudl.ink/screens/ir7WRZ4Aqs.png"},{"url":"https://hudl.ink/screens/ir7WRZ4Aqs.png"},{"url":"https://hudl.ink/screens/wtyxWzaqBT.png"},{"url":"https://hudl.ink/screens/wtyxWzaqBT.png"},{"url":"https://hudl.ink/screens/3GG4hZqhNN.png"},{"url":"https://hudl.ink/screens/3GG4hZqhNN.png"},{"url":"https://hudl.ink/screens/h7kEbYWEpe.png"}]