[{"url":"https://hudl.ink/screens/arity aylo phone selfie hyperbulge.jpg"},{"url":"https://hudl.ink/screens/ApplicationFrameHost_ur68yNubGn.png"},{"url":"https://hudl.ink/screens/PYwKKJR3QJ.jpg"},{"url":"https://hudl.ink/screens/Firestorm-Releasex64_AHtbU7CZzu.png"},{"url":"https://hudl.ink/screens/Firestorm-Releasex64_q0h4Yiis6c.png"},{"url":"https://hudl.ink/screens/ApplicationFrameHost_PCWOMs6b7R.jpg"},{"url":"https://hudl.ink/screens/ApplicationFrameHost_RmyDaCJ8nC.jpg"},{"url":"https://hudl.ink/screens/arity phone selfie.jpg"},{"url":"https://hudl.ink/screens/archyeen lying nude.jpg"},{},{}]