[{"url":"https://hudl.ink/u/21"},{"url":"https://hudl.ink/screens/msedge_1cKNGBD1ms.png"},{"url":"https://hudl.ink/screens/msedge_1cKNGBD1ms.png"},{"url":"https://hudl.ink/u/25"},{"url":"https://hudl.ink/u/25"},{"url":"https://hudl.ink/screens/1678961280.artywalf_dfe6itw-88368742-6512-4480-979c-2a41edb94671.jpg"},{"url":"https://hudl.ink/screens/1678961280.artywalf_dfe6itw-88368742-6512-4480-979c-2a41edb94671.jpg"},{"url":"https://hudl.ink/u/29"},{"url":"https://hudl.ink/u/29"},{"url":"https://hudl.ink/screens/msedge_pLu2cW7a5b.png"},{"url":"https://hudl.ink/screens/msedge_pLu2cW7a5b.png"}]