[{"url":"https://hudl.ink/api/screens/upload?auth=CALCULUS"},{"url":"https://hudl.ink/api/screens/upload?auth=CALCULUS"},{"url":"https://hudl.ink/api/screens/upload?auth=CALCULUS"},{"url":"https://hudl.ink/api/screens/upload?auth=CALCULUS"},{"url":"https://hudl.ink/api/screens/upload?auth=CALCULUS"},{"url":"https://hudl.ink/api/screens/upload?auth=CALCULUS"},{"url":"https://hudl.ink/u/5"},{"url":"https://hudl.ink/u/5"},{"url":"https://hudl.ink/api/screens/upload?auth=CALCULUS"},{"url":"https://hudl.ink/api/screens/upload?auth=CALCULUS"},{"url":"https://hudl.ink/u/9"},{"url":"https://hudl.ink/u/9"}]