[{"url":"https://hudl.ink/u/33"},{"url":"https://hudl.ink/u/33"},{"url":"https://hudl.ink/screens/Zq2Rt3giU6.jpg"},{"url":"https://hudl.ink/screens/Zq2Rt3giU6.jpg"},{"url":"https://hudl.ink/u/37"},{"url":"https://hudl.ink/u/37"},{"url":"https://hudl.ink/files/Crash_test_dummies-mmm_mmm_mmm_mmm_midscore.mp4"},{"url":"https://hudl.ink/files/Crash_test_dummies-mmm_mmm_mmm_mmm_midscore.mp4"},{"url":"https://hudl.ink/u/41"},{"url":"https://hudl.ink/u/41"},{"url":"https://hudl.ink/screens/uRoikMRexT.png"}]