[{"url":"https://hudl.ink/files/Code_3ls3pfOBgd.mp4"},{"url":"https://hudl.ink/screens/AlchemyProjectDynamicDingo_HfLI0UfKjO.jpg"},{"url":"https://hudl.ink/screens/AlchemyProjectDynamicDingo_HfLI0UfKjO.jpg"},{"url":"https://hudl.ink/screens/Code_gi3PBiUCyl.png"},{"url":"https://hudl.ink/screens/Code_gi3PBiUCyl.png"},{"url":"https://hudl.ink/files/Code_XggNqBO0Ku.mp4"},{"url":"https://hudl.ink/files/Code_XggNqBO0Ku.mp4"},{"url":"https://hudl.ink/screens/hkS5RlX9BT.png"},{"url":"https://hudl.ink/screens/hkS5RlX9BT.png"},{"url":"https://hudl.ink/screens/WR8IAmCl3r.png"},{"url":"https://hudl.ink/screens/WR8IAmCl3r.png"}]