[{"url":"https://hudl.ink/screens/msedge_JtUlpWDuYo.png"},{"url":"https://hudl.ink/screens/msedge_xZFctnmDyD.png"},{"url":"https://hudl.ink/screens/msedge_4qldlcGU2q.png"},{"url":"https://hudl.ink/screens/msedge_4h9uAfN7lQ.png"},{"url":"https://hudl.ink/screens/msedge_V8nW2AnfOj.jpg"},{"url":"https://hudl.ink/screens/msedge_09NDsgUHg9.png"},{"url":"https://hudl.ink/screens/dW2LKpI1to.jpg"},{"url":"https://hudl.ink/screens/msedge_FATSpqn5rx.png"},{"url":"https://hudl.ink/screens/msedge_Snxwu9kKBI.png"},{"url":"https://hudl.ink/screens/msedge_GPrFckRCBv.png"},{"url":"https://hudl.ink/screens/msedge_W8KRsCpYAn.png"}]