[{"url":"https://hudl.ink/screens/msedge_746fHWn1SG.png"},{"url":"https://hudl.ink/screens/Firestorm-Releasex64_FtQ4sFOdFw.png"},{"url":"https://hudl.ink/screens/msedge_sx4CzSBBjy.png"},{"url":"https://hudl.ink/screens/J2k9Z3hHe9.jpg"},{"url":"https://hudl.ink/files/Firestorm-Releasex64_oEmVewOZiP.mp4"},{"url":"https://hudl.ink/files/msedge_Q9r515JijH.mp4"},{"url":"https://hudl.ink/screens/Code_EKbJTgVjXY.png"},{"url":"https://hudl.ink/screens/msedge_lN3o0v9tji.png"},{"url":"https://hudl.ink/files/Code_zPTz7jhlKd.mp4"},{"url":"https://hudl.ink/files/Firestorm-Releasex64_M0ZfJOEcYp.mp4"},{"url":"https://hudl.ink/files/Firestorm-Releasex64_JxB16766gw.mp4"}]