[{"url":"https://hudl.ink/screens/msedge_lRHc7otGH4.png"},{"url":"https://hudl.ink/screens/msedge_lRHc7otGH4.png"},{"url":"https://hudl.ink/screens/AlchemyProjectDynamicDingo_sf1VB1wfsb.jpg"},{"url":"https://hudl.ink/screens/AlchemyProjectDynamicDingo_sf1VB1wfsb.jpg"},{"url":"https://hudl.ink/screens/msedge_tLaKrDcBf0.png"},{"url":"https://hudl.ink/screens/msedge_tLaKrDcBf0.png"},{"url":"https://hudl.ink/screens/msedge_u58cOuhboD.png"},{"url":"https://hudl.ink/screens/msedge_u58cOuhboD.png"},{"url":"https://hudl.ink/screens/Telegram_sMFvSRb0Zi.png"},{"url":"https://hudl.ink/screens/Telegram_sMFvSRb0Zi.png"},{"url":"https://hudl.ink/screens/dedy7sg-f0f71cf8-4b41-410f-b50f-4dbe53ccf8e8.png"}]