[{"url":"https://hudl.ink/screens/Firestorm-Releasex64_tKx4sQ03wK.png"},{"url":"https://hudl.ink/screens/ApplicationFrameHost_IkI0pnz7Pw.png"},{"url":"https://hudl.ink/screens/Firestorm-Releasex64_21QJXm2ZPV.png"},{"url":"https://hudl.ink/screens/Firestorm-Releasex64_ObSO8eA3WV.png"},{"url":"https://hudl.ink/screens/msedge_PN8gWQdbxg.png"},{"url":"https://hudl.ink/screens/Firestorm-Releasex64_m6dfij4v4f.png"},{"url":"https://hudl.ink/screens/Firestorm-Releasex64_72V4mcBseu.png"},{"url":"https://hudl.ink/screens/Firestorm-Releasex64_b4vj3qQeZv.png"},{"url":"https://hudl.ink/screens/Firestorm-Releasex64_6AmNrdYnfJ.jpg"},{"url":"https://hudl.ink/screens/Firestorm-Releasex64_Q4eKETRYDQ.jpg"},{"url":"https://hudl.ink/screens/msedge_A0mUa8TxA4.png"}]