[{"url":"https://hudl.ink/u/65"},{"url":"https://hudl.ink/screens/1673265268.artywalf_arity_field_testing_computer_scientist.png"},{"url":"https://hudl.ink/screens/1673265268.artywalf_arity_field_testing_computer_scientist.png"},{"url":"https://hudl.ink/u/69"},{"url":"https://hudl.ink/u/69"},{"url":"https://hudl.ink/screens/msedge_BgPc7rDnzt.png"},{"url":"https://hudl.ink/screens/msedge_BgPc7rDnzt.png"},{"url":"https://hudl.ink/u/73"},{"url":"https://hudl.ink/u/73"},{"url":"https://hudl.ink/screens/the_field_testers.png"},{"url":"https://hudl.ink/screens/the_field_testers.png"}]