[{"url":"https://hudl.ink/screens/NVIDIA_Share_lq1z2PfwQO.png"},{"url":"https://hudl.ink/screens/Firestorm-Releasex64_o1Jhgw1DBd.png"},{"url":"https://hudl.ink/screens/Firestorm-Releasex64_GfHHLLu4O9.png"},{"url":"https://hudl.ink/screens/Firestorm-Releasex64_nCZl4VADMJ.jpg"},{"url":"https://hudl.ink/screens/Firestorm-Releasex64_IBmqBNMXxb.jpg"},{"url":"https://hudl.ink/screens/Firestorm-Releasex64_3mrDWVk31g.jpg"},{"url":"https://hudl.ink/screens/Firestorm-Releasex64_qyAAPM870l.jpg"},{"url":"https://hudl.ink/screens/Firestorm-Releasex64_t6sIzxSMFX.jpg"},{"url":"https://hudl.ink/screens/Firestorm-Releasex64_fzv1hOAHS6.jpg"},{"url":"https://hudl.ink/screens/Firestorm-Releasex64_QKoZsTiz9m.png"},{"url":"https://hudl.ink/screens/Firestorm-Releasex64_oTr2EElo6i.jpg"}]