[{"blog_post_title":"The Final Actors Group","blog_post_body":"<p>🖥️...⌨️ The last of three</p>\n\n<p>I&#39;n no order:</p>\n\n<ol>\n<li>ArityWolf</li>\n<li>SimulWolf</li>\n<li>AydenAardwolf</li>\n</ol>\n","blog_post_body_markdown":"🖥️...⌨️ The last of three\r\n\r\nI'n no order:\r\n\r\n1. ArityWolf\r\n2. SimulWolf\r\n3. AydenAardwolf","blog_post_tags":"Actors, team, group, ayden, simul, arity, aritywolf, ayden aardwolf, simulwolf, join, system, party","blog_post_date":"2024-04-09 15:11:34 -0700","blog_post_author":"oh-no-hes-stinky","blog_post_comments":"","blog_post_status":"","id":0,"blog_status_locked":false,"blog_post_rendered_type":"markdown","timestamp":"2024-04-09 15:14:41 -0700"},{},{},{},{},{},{},{},{},{},{},{},{},{},{},{},{},{},{},{},{}]