[{"blog_post_title":"A little rant about AI generated \"art\"","blog_post_body":"<p>🖥️...⌨️</p>\n\n<pre><code class=\"language-ruby\">puts &quot;test&quot;\n</code></pre>\n","blog_post_body_markdown":"🖥️...⌨️\r\n\r\n```language-ruby\r\nputs \"test\"\r\n```","blog_post_tags":"ai, ai art, art, generated art","blog_post_date":"2023-06-14 00:09:39 -0700","blog_post_author":"aritywolf, the field testers","blog_post_comments":"","blog_post_status":"","id":0,"blog_status_locked":false,"blog_post_rendered_type":"markdown","timestamp":"2023-06-14 00:11:27 -0700"},{},{},{},{},{},{},{},{},{},{},{},{},{},{},{},{},{},{},{},{}]