[{"url":"https://alphabet-mafia.net/screens/krita_XoMUIiUkmR.png"},{"url":"https://alphabet-mafia.net/screens/Code_duHm0Avfbv.png"},{"url":"https://alphabet-mafia.net/screens/krita_iN0XnAJIIm.png"},{"url":"https://alphabet-mafia.net/screens/krita_kE7C2Yhett.png"},{"url":"https://alphabet-mafia.net/screens/wxigyc3JYo.jpg"},{"url":"https://alphabet-mafia.net/screens/msedge_rr0l7VmKXF.png"},{"url":"https://alphabet-mafia.net/screens/krita_r6zBk5zflH.png"},{"url":"https://alphabet-mafia.net/screens/NZeURKa7OA.jpg"},{"url":"https://alphabet-mafia.net/screens/krita_wQdTIJvq1T.jpg"},{"url":"https://alphabet-mafia.net/screens/msedge_ikZRpdMtnx.png"},{"url":"https://alphabet-mafia.net/screens/msedge_wbD7sMtI0G.jpg"}]