[{"url":"https://alphabet-mafia.net/screens/leonardo.0.17.70.win64_XiDhdgqQD3.jpg"},{"url":"https://alphabet-mafia.net/screens/leonardo.0.17.70.win64_lpNqazdn6E.jpg"},{"url":"https://alphabet-mafia.net/screens/krita_hfogd4A5EA.png"},{"url":"https://alphabet-mafia.net/screens/krita_522Cr0BZyu.png"},{"url":"https://alphabet-mafia.net/screens/krita_0jirYEVX9a.png"},{"url":"https://alphabet-mafia.net/screens/msedge_w8sfPDPmEv.jpg"},{"url":"https://alphabet-mafia.net/screens/Pose_Tool_3D_6DAJb5shq6.png"},{"url":"https://alphabet-mafia.net/screens/msedge_u6q9PgaUhq.jpg"},{"url":"https://alphabet-mafia.net/screens/msedge_LTyPl2Noa3.png"},{"url":"https://alphabet-mafia.net/screens/Firestorm-Releasex64_AgC6acbcNA.jpg"},{"url":"https://alphabet-mafia.net/screens/Firestorm-Releasex64_lpkUNknAOO.jpg"},{"url":"https://alphabet-mafia.net/screens/krita_3XdS5Dw5bC.png"}]