[{"url":"https://hudl.ink/files/line_reader.rb"},{"url":"https://hudl.ink/files/partitioned_array.rb"},{"url":"https://hudl.ink/files/partitioned_array.rb"},{"url":"https://hudl.ink/files/managed_partitioned_array.rb"},{"url":"https://hudl.ink/files/file_context_managed_partitioned_array.rb"},{"url":"https://hudl.ink/files/file_context_managed_partitioned_array_manager.rb"},{"url":"https://hudl.ink/files/line_db.rb"},{"url":"https://hudl.ink/files/line_reader.rb"},{"url":"https://hudl.ink/files/partitioned_array.rb"},{"url":"https://hudl.ink/files/managed_partitioned_array.rb"},{"url":"https://hudl.ink/files/partitioned_array.rb"}]