[{"url":"https://hudl.ink/screens/Firestorm-Releasex64_tC5APMWDtB.png"},{"url":"https://hudl.ink/screens/Firestorm-Releasex64_u76eugzs4Q.png"},{"url":"https://hudl.ink/screens/Firestorm-Releasex64_2NDK3Q2znO.jpg"},{"url":"https://hudl.ink/screens/Firestorm-Releasex64_LTDKovzirf.jpg"},{"url":"https://hudl.ink/screens/Firestorm-Releasex64_eqAmwi4weI.jpg"},{"url":"https://hudl.ink/screens/SecondLifeViewer_MtsmjtWvES.png"},{"url":"https://hudl.ink/screens/Firestorm-Releasex64_9CxLJ0Qg5s.jpg"},{"url":"https://hudl.ink/files/resume_zeropivot_aritywolf_archyeen.pdf"},{"url":"https://hudl.ink/screens/ApplicationFrameHost_mouiizruyS.png"},{"url":"https://hudl.ink/screens/Firestorm-Releasex64_48MA26GHzL.jpg"},{}]