[{"url":"https://alphabet-mafia.net/screens/Firestorm-Releasex64_RP9dxj5GNs.jpg"},{"url":"https://alphabet-mafia.net/files/Op51sVgoPZ.mp4"},{"url":"https://alphabet-mafia.net/files/tikRPpbsqv.mp4"},{"url":"https://alphabet-mafia.net/screens/TkWiMLI27H.gif"},{"url":"https://alphabet-mafia.net/files/S3tbwzF6ra.mp4"},{"url":"https://alphabet-mafia.net/files/Cj86BnMyLt.mp4"},{"url":"https://alphabet-mafia.net/files/Cj86BnMyLt.mp4"},{"url":"https://alphabet-mafia.net/screens/msedge_jjb4YAECA2.jpg"},{"url":"https://alphabet-mafia.net/screens/msedge_pw7h5PyGcq.jpg"},{"url":"https://alphabet-mafia.net/screens/msedge_LYbYXY2O7z.png"},{"url":"https://alphabet-mafia.net/screens/krita_h19hpyVyWy.png"}]