[{"url":"https://hudl.ink/screens/Firestorm-Releasex64_TLbqfRyKBJ.jpg"},{"url":"https://hudl.ink/screens/ApplicationFrameHost_Ujk6eZKaxe.png"},{"url":"https://hudl.ink/screens/ApplicationFrameHost_yo7djY4n5K.jpg"},{"url":"https://hudl.ink/screens/ApplicationFrameHost_M4KasRK8nv.png"},{"url":"https://hudl.ink/screens/TabTip_PFAqRjkVh7.png"},{"url":"https://hudl.ink/screens/TabTip_R1PgjVfQ1L.png"},{"url":"https://hudl.ink/screens/TabTip_ts6GlUHXTW.jpg"},{"url":"https://hudl.ink/screens/archwolf_backview.png"},{},{},{}]