[{"file":"1723413435.1839857_url_upload_the-unstimky.png","views":1,"title":"url upload - 2024-08-11 21:57:15 +0000","description":"url upload - https://e4695.net/u/25 - Time: 2024-08-11 21:57:15 +0000","downloads":0,"shares":0,"comments":0,"likes":0,"sum_identifier":41064823,"tags":"url_upload","size":344407,"extension":".png","date":"2024-08-11 14:57:15 -0700","id":0},{"file":"1723413441.8312342_url_upload_the-unstimky.png","views":2,"title":"url upload - 2024-08-11 21:57:21 +0000","description":"url upload - https://e4695.net/u/24 - Time: 2024-08-11 21:57:21 +0000","downloads":0,"shares":0,"comments":0,"likes":0,"sum_identifier":60751486,"tags":"url_upload","size":470215,"extension":".png","date":"2024-08-11 14:57:22 -0700","id":1},{},{},{},{},{},{},{},{},{},{},{},{},{},{},{},{},{},{},{}]