[{"url":"https://hudl.ink/files/resume_zeropivot_aritywolf_archyeen.pdf"},{"url":"https://hudl.ink/screens/msedge_Gp0Q6UwyXJ.png"},{"url":"https://hudl.ink/files/The Bible of Gay Sex - Gay Sex Guide.pdf"},{"url":"https://hudl.ink/screens/msedge_c3xUE0iv0q.png"},{"url":"https://hudl.ink/screens/msedge_nhKy7tW0ZH.png"},{"url":"https://hudl.ink/screens/Firestorm-Releasex64_5awmkmJ1VW.jpg"},{"url":"https://hudl.ink/files/partitioned_array.rb"},{"url":"https://hudl.ink/files/partitioned_array.rb"},{"url":"https://hudl.ink/files/managed_partitioned_array.rb"},{"url":"https://hudl.ink/files/file_context_managed_partitioned_array.rb"},{"url":"https://hudl.ink/files/file_context_managed_partitioned_array_manager.rb"},{"url":"https://hudl.ink/files/line_db.rb"}]