[{"url":"https://hudl.ink/screens/arity on rists cock full.png"},{"url":"https://hudl.ink/screens/crotch nuzzling.png"},{"url":"https://hudl.ink/screens/msedge_DIJEUGBRkk.png"},{"url":"https://hudl.ink/screens/cock_smothering___no_text_by_aritywolf_df41qla.png"},{"url":"https://hudl.ink/screens/i6DE1MXF7k.jpg"},{"url":"https://hudl.ink/screens/BfQPXcgSyk.jpg"},{"url":"https://hudl.ink/screens/aeMOcu0LJL.jpg"},{"url":"https://hudl.ink/screens/noGaDs13EH.jpg"},{"url":"https://hudl.ink/screens/fwKnCNtyeR.jpg"},{"url":"https://hudl.ink/screens/msedge_OeBaaS5656.png"},{"url":"https://hudl.ink/files/FtjklwhXsAAoLKz"}]