[{"url":"https://hudl.ink/screens/ShareX_R1JkbwTDIP.png"},{"url":"https://hudl.ink/screens/7PNDQSaNGK.png"},{"url":"https://hudl.ink/screens/7PNDQSaNGK.png"},{"url":"https://hudl.ink/screens/ZT7nXDHIDJ.png"},{"url":"https://hudl.ink/screens/ZT7nXDHIDJ.png"},{"url":"https://hudl.ink/screens/JqGgk9e8pR.jpg"},{"url":"https://hudl.ink/screens/JqGgk9e8pR.jpg"},{"url":"https://hudl.ink/screens/NOcPQbP6tv.png"},{"url":"https://hudl.ink/screens/NOcPQbP6tv.png"},{"url":"https://hudl.ink/screens/CfYxjOQcB6.png"},{"url":"https://hudl.ink/screens/CfYxjOQcB6.png"}]