[{"timestamp":"2024-11-15 14:22:36 -0700","avatar_name":"ArityWolf Resident","avatar_id":"d5ff3724-1164-47bc-84b5-ae4be5514595","message":"/tt_show_","x_pos":183.8114,"y_pos":85.82275,"z_pos":146.6755,"sim_name":"The Chonk Box - Furry Modding Sandbox","captured_by":"aritywolf"},{"timestamp":"2024-11-15 14:22:40 -0700","avatar_name":"ArityWolf Resident","avatar_id":"d5ff3724-1164-47bc-84b5-ae4be5514595","message":"/tt_show_","x_pos":183.8114,"y_pos":85.82275,"z_pos":146.6755,"sim_name":"The Chonk Box - Furry Modding Sandbox","captured_by":"aritywolf"},{},{},{},{},{},{},{},{},{}]