[{"url":"https://hudl.ink/screens/3ZspAwnuRE.jpg"},{"url":"https://hudl.ink/screens/arity eating out kinty.png"},{"url":"https://hudl.ink/screens/arity eating out ayden _ cropped.png"},{"url":"https://hudl.ink/screens/arity_and_vel_on_the_couch_followup_cum_by_aritywolf_df41pdt.png"},{"url":"https://hudl.ink/screens/arity_sitting_face_down_beach_showing_huge_cock_by_archyeen_df41rhk.png"},{"url":"https://hudl.ink/screens/in_gazebo_by_archyeen_df41rbv.png"},{"url":"https://hudl.ink/screens/axel_arity_hyper_massive_cock_stroke_sheath_by_archyeen_dfatv7c.png"},{"url":"https://hudl.ink/screens/arity_axel_buldge_nuzzling_scene_by_archyeen_dfja39q.png"},{"url":"https://hudl.ink/screens/arity_axel_buldge_nuzzling_scene_by_archyeen_dfja39q.png"},{"url":"https://hudl.ink/screens/arity_axel_buldge_nuzzling_scene_by_archyeen_dfja39q.png"},{"url":"https://hudl.ink/files/1626219966.artywalf_1626218730_arity_lying_back_null.zip"},{"url":"https://hudl.ink/screens/arity_beans_smothering_vel_by_aritywolf_df41pgj.png"}]