[{"_DATABASE_LIST_INDEX":{"db_path":"./db/CGMFS_db/the-field-testers/FCMPAM_DB/MAN_DB_TABLE/_DATABASE_LIST_INDEX/TABLE__DATABASE_LIST_INDEX","db_name":"TABLE__DATABASE_LIST_INDEX","db_table_name":[]},"blog_table":{"db_path":"./db/CGMFS_db/the-field-testers/FCMPAM_DB/MAN_DB_TABLE/blog_database/TABLE_blog_table","db_name":"TABLE_blog_table","db_table_name":[]},"blog_pinned_table":{"db_path":"./db/CGMFS_db/the-field-testers/FCMPAM_DB/MAN_DB_TABLE/blog_database/TABLE_blog_pinned_table","db_name":"TABLE_blog_pinned_table","db_table_name":[]},"blog_profile_table":{"db_path":"./db/CGMFS_db/the-field-testers/FCMPAM_DB/MAN_DB_TABLE/blog_database/TABLE_blog_profile_table","db_name":"TABLE_blog_profile_table","db_table_name":[]},"blog_statistics_table":{"db_path":"./db/CGMFS_db/the-field-testers/FCMPAM_DB/MAN_DB_TABLE/blog_database/TABLE_blog_statistics_table","db_name":"TABLE_blog_statistics_table","db_table_name":[]},"gallery_table":{"db_path":"./db/CGMFS_db/the-field-testers/FCMPAM_DB/MAN_DB_TABLE/gallery_database/TABLE_gallery_table","db_name":"TABLE_gallery_table","db_table_name":[]},"cache_system_table":{"db_path":"./db/CGMFS_db/the-field-testers/FCMPAM_DB/MAN_DB_TABLE/cache_system_database/TABLE_cache_system_table","db_name":"TABLE_cache_system_table","db_table_name":[]},"uwu_collections_table":{"db_path":"./db/CGMFS_db/the-field-testers/FCMPAM_DB/MAN_DB_TABLE/uwu_collections_database/TABLE_uwu_collections_table","db_name":"TABLE_uwu_collections_table","db_table_name":[]},"grid_collections_table":{"db_path":"./db/CGMFS_db/the-field-testers/FCMPAM_DB/MAN_DB_TABLE/grid_collections_database/TABLE_grid_collections_table","db_name":"TABLE_grid_collections_table","db_table_name":[]},"containers_table":{"db_path":"./db/CGMFS_db/the-field-testers/FCMPAM_DB/MAN_DB_TABLE/containers_database/TABLE_containers_table","db_name":"TABLE_containers_table","db_table_name":[]}},{},{},{},{},{},{},{},{},{},{}]