[{"url":"https://hudl.ink/screens/simulwolf wip resized.jpg"},{"url":"https://hudl.ink/screens/ApplicationFrameHost_Ye1Ll5yMYN.png"},{"url":"https://hudl.ink/screens/Firestorm-Releasex64_s7PY89n7Zw.jpg"},{"url":"https://hudl.ink/screens/ApplicationFrameHost_K39kXYF1iI.jpg"},{"url":"https://hudl.ink/screens/aylo maintaining bulge.jpg"},{"url":"https://hudl.ink/screens/ApplicationFrameHost_RAc0RkYYHd.jpg"},{"url":"https://hudl.ink/screens/Firestorm-Releasex64_akbtEN4Eju.jpg"},{"url":"https://hudl.ink/screens/Firestorm-Releasex64_qDAmSsx8We.jpg"},{"url":"https://hudl.ink/screens/Firestorm-Releasex64_Mz61JhfLmA.jpg"},{"url":"https://hudl.ink/screens/Firestorm-Releasex64_TdPcpjFVfN.jpg"},{"url":"https://hudl.ink/screens/ApplicationFrameHost_XEhmdKmKVb.jpg"}]