[{"url":"https://hudl.ink/screens/1609114070.lukereinhard__lukereinhard3small.png"},{"url":"https://hudl.ink/screens/R.jpg"},{"url":"https://hudl.ink/screens/Firestorm-Releasex64_tR6RQy4L1l.jpg"},{"url":"https://hudl.ink/screens/Firestorm-Releasex64_matEKztLFy.png"},{"url":"https://hudl.ink/screens/dfonp7n-ab1441a1-6be1-4810-9ef9-a29333c0ae88.png"},{"url":"https://hudl.ink/screens/msedge_aXUdYHYEJu.png"},{"url":"https://hudl.ink/screens/Code_bfsUbnPR1e.png"},{"url":"https://hudl.ink/screens/Firestorm-Releasex64_MeG3jk6EEB.png"},{"url":"https://hudl.ink/screens/Firestorm-Releasex64_YAL4PfZv34.png"},{"url":"https://hudl.ink/screens/Firestorm-Releasex64_vGrmJGvWS4.png"},{"url":"https://hudl.ink/screens/Firestorm-Releasex64_GkeZc5LBGM.png"},{}]