[{"url":"https://hudl.ink/files/Fuhy3BSXwAAU0Ov"},{"url":"https://hudl.ink/screens/msedge_4T3Zii1A7b.png"},{"url":"https://hudl.ink/files/FufbwIyWYAE-c2-"},{"url":"https://hudl.ink/screens/msedge_owmSfqBjfC.png"},{"url":"https://hudl.ink/screens/msedge_PexKpJL76u.png"},{"url":"https://hudl.ink/screens/msedge_g7rK4TWI8t.png"},{"url":"https://hudl.ink/screens/msedge_gRZm16eJAw.png"},{"url":"https://hudl.ink/files/FulaQ6dWcAUOgIN"},{"url":"https://hudl.ink/screens/msedge_AEwB9VUoI3.png"},{"url":"https://hudl.ink/screens/msedge_krKbG0EtkR.png"},{"url":"https://hudl.ink/screens/msedge_qcJRlTAhrK.png"}]