[{"url":"https://hudl.ink/screens/KKgjuehWPO.png"},{"url":"https://hudl.ink/screens/KKgjuehWPO.png"},{"url":"https://hudl.ink/screens/n4233udk0y.png"},{"url":"https://hudl.ink/screens/n4233udk0y.png"},{"url":"https://hudl.ink/screens/8a15wqIp5V.png"},{"url":"https://hudl.ink/screens/8a15wqIp5V.png"},{"url":"https://hudl.ink/screens/zqBBbyVExP.png"},{"url":"https://hudl.ink/screens/zqBBbyVExP.png"},{"url":"https://hudl.ink/screens/J1NSJGGSsd.png"},{"url":"https://hudl.ink/screens/J1NSJGGSsd.png"},{"url":"https://hudl.ink/screens/NpLhzSwEgY.png"}]