[{"url":"https://hudl.ink/screens/NpLhzSwEgY.png"},{"url":"https://hudl.ink/screens/pLY6kyLzOA.png"},{"url":"https://hudl.ink/screens/pLY6kyLzOA.png"},{"url":"https://hudl.ink/screens/OMP0MMsE8P.png"},{"url":"https://hudl.ink/screens/OMP0MMsE8P.png"},{"url":"https://hudl.ink/screens/lkzva7Rrg4.png"},{"url":"https://hudl.ink/screens/lkzva7Rrg4.png"},{"url":"https://hudl.ink/screens/jSmcklkbKz.png"},{"url":"https://hudl.ink/screens/jSmcklkbKz.png"},{"url":"https://hudl.ink/screens/SZtUSKgR0K.png"},{"url":"https://hudl.ink/screens/SZtUSKgR0K.png"}]