[{"blog_database":{"db_path":"./db/CGMFS_db/oh-no-hes-stinky/FCMPAM_DB/MAN_DB_INDEX/INDEX_blog_database","db_name":"INDEX_blog_database","db_table_name":[]},"gallery_database":{"db_path":"./db/CGMFS_db/oh-no-hes-stinky/FCMPAM_DB/MAN_DB_INDEX/INDEX_gallery_database","db_name":"INDEX_gallery_database","db_table_name":[]},"cache_system_database":{"db_path":"./db/CGMFS_db/oh-no-hes-stinky/FCMPAM_DB/MAN_DB_INDEX/INDEX_cache_system_database","db_name":"INDEX_cache_system_database","db_table_name":[]},"uwu_collections_database":{"db_path":"./db/CGMFS_db/oh-no-hes-stinky/FCMPAM_DB/MAN_DB_INDEX/INDEX_uwu_collections_database","db_name":"INDEX_uwu_collections_database","db_table_name":[]}},{},{},{},{},{},{},{},{},{},{}]