[{"timestamp":"2024-11-15 14:22:36 -0700","avatar_name":"ArityWolf Resident","avatar_id":"d5ff3724-1164-47bc-84b5-ae4be5514595","message":"/tt_show_","x_pos":183.8114,"y_pos":85.82275,"z_pos":146.6755,"sim_name":"The Chonk Box - Furry Modding Sandbox","captured_by":"aritywolf"},{"timestamp":"2024-11-15 14:22:40 -0700","avatar_name":"ArityWolf Resident","avatar_id":"d5ff3724-1164-47bc-84b5-ae4be5514595","message":"/tt_show_","x_pos":183.8114,"y_pos":85.82275,"z_pos":146.6755,"sim_name":"The Chonk Box - Furry Modding Sandbox","captured_by":"aritywolf"},{"timestamp":"2024-11-18 01:29:39 -0700","avatar_name":"Shenanigans Enthusiast","avatar_id":"0d4b89f6-a57e-4358-a7d3-84aea40f4219","message":"","x_pos":168.8786,"y_pos":88.54579,"z_pos":21.27636,"sim_name":"The Chonk Box - Furry Modding Sandbox","captured_by":"aritywolf"},{"timestamp":"2024-11-18 02:25:01 -0700","avatar_name":"ArityWolf Resident","avatar_id":"","message":"","x_pos":134.6271,"y_pos":200.0076,"z_pos":28.01361,"sim_name":"Midscore","captured_by":""},{"timestamp":"2024-11-18 02:26:15 -0700","avatar_name":"ArityWolf Resident","avatar_id":"d5ff3724-1164-47bc-84b5-ae4be5514595","message":"https\\://www\\.twitch\\.tv/directory/category/everquest","x_pos":134.6271,"y_pos":200.0076,"z_pos":28.01361,"sim_name":"Midscore","captured_by":"aritywolf"},{},{},{},{},{},{}]