[{"blog_post_title":"A little rant about AI generated ","blog_post_body":"<p>🖥️...⌨️</p>\n\n<h1>Premise</h1>\n\n<p>Here is the spectacle of the day:</p>\n\n<p><a href=\"https://www.deviantart.com/randompasserbyer/art/Say-No-to-Art-Theft-and-Copyright-Infringement-966911443\">https://www.deviantart.com/randompasserbyer/art/Say-No-to-Art-Theft-and-Copyright-Infringement-966911443</a></p>\n\n<h1>Rant &amp; Ramble</h1>\n\n<p>I&#39;ve seen a fuckton of these posts, mostly because the artists are fearing for their lives. I&#39;m not one to take the sympathy route and cater to them. But, I have been trolled at least once over AI generated <q>art</q> on deviantart. Do <strong>I</strong> think its art? About as much of an art as getting the right prompt down, and that can actually be pretty tough to do; best thing to do is talk to it as casually as possible, like you were talking to an artist about to render your idea.</p>\n\n<p>Not really going to go over the idea of copyright infringement that much, because, my art is as much online as yours, and I really don&#39;t care because I have the skill in art to come up with a unique piece each and everytime, which cannot even be reverse image searched. </p>\n\n<p>Meanwhile, you want your art to be perfectly rendered. And lemme tall ya, the highly rendered art that AI is putting out in terms of full bodies is pretty, but its just pretty gradients with no substance attached to it. And if you were to judge whether it was AI art or not, you would probably categorize all of it as AI generated art.</p>\n\n<p>There IS a distinct style though, and it&#39;s mostly shiny.</p>\n","blog_post_body_markdown":"🖥️...⌨️\r\n\r\n# Premise\r\n\r\n\r\nHere is the spectacle of the day:\r\n\r\nhttps://www.deviantart.com/randompasserbyer/art/Say-No-to-Art-Theft-and-Copyright-Infringement-966911443\r\n\r\n\r\n# Rant & Ramble\r\n\r\n\r\nI've seen a fuckton of these posts, mostly because the artists are fearing for their lives. I'm not one to take the sympathy route and cater to them. But, I have been trolled at least once over AI generated \"art\" on deviantart. Do **I** think its art? About as much of an art as getting the right prompt down, and that can actually be pretty tough to do; best thing to do is talk to it as casually as possible, like you were talking to an artist about to render your idea.\r\n\r\nNot really going to go over the idea of copyright infringement that much, because, my art is as much online as yours, and I really don't care because I have the skill in art to come up with a unique piece each and everytime, which cannot even be reverse image searched. \r\n\r\nMeanwhile, you want your art to be perfectly rendered. And lemme tall ya, the highly rendered art that AI is putting out in terms of full bodies is pretty, but its just pretty gradients with no substance attached to it. And if you were to judge whether it was AI art or not, you would probably categorize all of it as AI generated art.\r\n\r\nThere IS a distinct style though, and it's mostly shiny.\r\n\r\n","blog_post_tags":"ai, ai art, art, generated art, deviantart","blog_post_date":"2023-06-14 00:11:44 -0700","blog_post_author":"aritywolf, the field testers","blog_post_comments":"","blog_post_status":"","id":0,"blog_status_locked":false,"blog_post_rendered_type":"markdown","timestamp":"2023-06-14 00:11:27 -0700"},{},{},{},{},{},{},{},{},{},{},{},{},{},{},{},{},{},{},{},{}]