[{"blog_post_title":"The Actors Trininty List","blog_post_body":"<p>🖥️...⌨️</p>\n\n<p>1) ArityWolf\n2) Rye Cogtail\n3) SpaceYeen</p>\n\n<p>a) The hudl.ink egregore/wisdom system: Exra Coywolf</p>\n\n<p><img src=\"https://hudl.ink/gallery/the-actors-trinity/1712337219.7471015_url_upload_the-actors-trinity.jpg\"></p>\n","blog_post_body_markdown":"🖥️...⌨️\r\n\r\n1) ArityWolf\r\n2) Rye Cogtail\r\n3) SpaceYeen\r\n\r\na) The hudl.ink egregore/wisdom system: Exra Coywolf\r\n\r\n<img src=\"https://hudl.ink/gallery/the-actors-trinity/1712337219.7471015_url_upload_the-actors-trinity.jpg\">\r\n","blog_post_tags":"spaceyeen (Aylo Hyena), aritywolf (Fields Wolf), ryewolf (Rye Cogtail)","blog_post_date":"2024-04-05 10:13:47 -0700","blog_post_author":"the-actors-trinity, aritywolf, ryecogtail, spaceyeen","blog_post_comments":"","blog_post_status":"","id":0,"blog_status_locked":false,"blog_post_rendered_type":"markdown","timestamp":"2024-04-05 10:16:11 -0700"},{},{},{},{},{},{},{},{},{},{},{},{},{},{},{},{},{},{},{},{}]