[{"url":"https://hudl.ink/screens/ApplicationFrameHost_U6B43EVEar.jpg"},{"url":"https://hudl.ink/screens/aylo massive penis worship.jpg"},{"url":"https://hudl.ink/screens/aylo massive penis worship.jpg"},{"url":"https://hudl.ink/screens/ApplicationFrameHost_5dOvDQidRt.jpg"},{"url":"https://hudl.ink/screens/aylo showing butt.jpg"},{"url":"https://hudl.ink/screens/aylo showing butt.jpg"},{"url":"https://hudl.ink/screens/ApplicationFrameHost_uVehvGN8Vc.jpg"},{"url":"https://hudl.ink/screens/ApplicationFrameHost_wfuArV4PZU.jpg"},{"url":"https://hudl.ink/screens/aylo showing hypercock.jpg"},{"url":"https://hudl.ink/screens/ApplicationFrameHost_S4l0TU99fD.jpg"},{"url":"https://hudl.ink/screens/aylo sitting hyper bulge.jpg"}]