[{"url":"https://hudl.ink/screens/Firestorm-Releasex64_9Vzd6zw4Vb.png"},{"url":"https://hudl.ink/screens/Firestorm-Releasex64_1I964bzbFM.jpg"},{"url":"https://hudl.ink/screens/IMG_20171211_050344.jpg"},{"url":"https://hudl.ink/screens/Firestorm-Releasex64_Xr2SAlPAyP.png"},{"url":"https://hudl.ink/screens/krita_XjHD1dcsF2.png"},{"url":"https://hudl.ink/screens/Firestorm-Releasex64_enY7YzjYYG.jpg"},{"url":"https://hudl.ink/screens/Firestorm-Releasex64_Z2YZradu6c.png"},{"url":"https://hudl.ink/screens/ApplicationFrameHost_r3wEvaEfPk.jpg"},{"url":"https://hudl.ink/screens/nVucTCvC1x.jpg"},{"url":"https://hudl.ink/screens/BDC8e2psXL.jpg"},{"url":"https://hudl.ink/screens/ApplicationFrameHost_68DlrDDecq.png"}]