[{"url":"https://hudl.ink/screens/1523781590.kkkkiri_uprava.jpg"},{"url":"https://hudl.ink/screens/Firestorm-Releasex64_FuOgkYjdgS.png"},{"url":"https://hudl.ink/screens/Firestorm-Releasex64_e4G6ny0KrL.png"},{"url":"https://hudl.ink/screens/Firestorm-Releasex64_kBPjBIlDGl.jpg"},{"url":"https://hudl.ink/screens/O0u9CwnRie.png"},{"url":"https://hudl.ink/screens/ApplicationFrameHost_E70pPCCrNt.jpg"},{"url":"https://hudl.ink/screens/Firestorm-Releasex64_w5IH2k1PEm.jpg"},{"url":"https://hudl.ink/screens/msedge_uSY7JJ8unN.png"},{"url":"https://hudl.ink/screens/Firestorm-Releasex64_cR1nbIO4H4.jpg"},{"url":"https://hudl.ink/screens/Firestorm-Releasex64_uYorl00h3U.png"},{"url":"https://hudl.ink/screens/Firestorm-Releasex64_cFRpP15yoM.png"}]