[{"url":"https://hudl.ink/screens/TWYb8C2Xvk.jpg"},{"url":"https://hudl.ink/screens/kp36m9K8vL.jpg"},{"url":"https://hudl.ink/screens/EB8Fmo0WFL.jpg"},{"url":"https://hudl.ink/screens/pVOfTmsrnv.jpg"},{"url":"https://hudl.ink/screens/fZuyjgUSmY.jpg"},{"url":"https://hudl.ink/screens/jErbaqrxZ3.jpg"},{"url":"https://hudl.ink/screens/Code_yXjPx32qNJ.png"},{"url":"https://hudl.ink/screens/msedge_zSGFpvVYLJ.jpg"},{"url":"https://hudl.ink/screens/VamdIPKOyX.jpg"},{"url":"https://hudl.ink/screens/2J1fV6ZKyH.jpg"},{"url":"https://hudl.ink/screens/vlc_qNVNFLtDbP.png"}]